[{"id": 2, "name": "O", "mac": "5a:45:55:53:00:00"}, {"id": 3, "name": "B", "mac": "5a:45:55:53:00:02"}, {"id": 4, "name": "K", "mac": "5a:45:55:53:00:03"}, {"id": 5, "name": "D", "mac": "5a:45:55:53:00:04"}, {"id": 6, "name": "E", "mac": "5a:45:55:53:00:05"}, {"id": 7, "name": "F", "mac": "5a:45:55:53:00:06"}, {"id": 8, "name": "G", "mac": "5a:45:55:53:00:07"}, {"id": 9, "name": "I", "mac": "5a:45:55:53:00:09"}, {"id": 10, "name": "J", "mac": "5a:45:55:53:00:0A"}, {"id": 11, "name": "L", "mac": "5a:45:55:53:00:0B"}, {"id": 12, "name": "M", "mac": "5a:45:55:53:00:0C"}, {"id": 13, "name": "N", "mac": "5a:45:55:53:00:0D"}, {"id": 14, "name": "P", "mac": "5a:45:55:53:00:0F"}, {"id": 16, "name": "Q", "mac": "5a:45:55:53:00:11"}, {"id": 17, "name": "R", "mac": "5a:45:55:53:00:12"}, {"id": 18, "name": "Y", "mac": "5a:45:55:53:00:14"}, {"id": 19, "name": "U", "mac": "5a:45:55:53:00:15"}, {"id": 20, "name": "V", "mac": "5a:45:55:53:00:16"}, {"id": 21, "name": "W", "mac": "5a:45:55:53:00:17"}, {"id": 22, "name": "X", "mac": "5a:45:55:53:00:18"}, {"id": 15, "name": "T - borked", "mac": "5a:45:55:53:00:10"}, {"id": 23, "name": "NO BATON", "mac": "aa:aa:aa:aa:aa:aa"}]