[{"id": 2, "name": "station 1", "distanceFromStart": 11.0, "isBroken": false, "url": "http://172.12.50.101:8000"}, {"id": 6, "name": "station 2", "distanceFromStart": 42.0, "isBroken": false, "url": "http://172.12.50.102:8000"}, {"id": 8, "name": "station 3", "distanceFromStart": 98.0, "isBroken": false, "url": "http://172.12.50.103:8000"}, {"id": 9, "name": "station 4", "distanceFromStart": 160.0, "isBroken": false, "url": "http://172.12.50.104:8000"}, {"id": 10, "name": "station 5", "distanceFromStart": 219.0, "isBroken": false, "url": "http://172.12.50.105:8000"}, {"id": 11, "name": "station 6", "distanceFromStart": 262.0, "isBroken": false, "url": "http://172.12.50.106:8000"}, {"id": 12, "name": "station 7", "distanceFromStart": 323.0, "isBroken": false, "url": "http://172.12.50.107:8000"}]