[{"id": 1, "teamId": 1, "previousBatonId": null, "newBatonId": 23, "timestamp": 1651012254359}, {"id": 2, "teamId": 2, "previousBatonId": null, "newBatonId": 23, "timestamp": 1651012261620}, {"id": 3, "teamId": 3, "previousBatonId": null, "newBatonId": 23, "timestamp": 1651012278707}, {"id": 4, "teamId": 4, "previousBatonId": null, "newBatonId": 23, "timestamp": 1651012284355}, {"id": 5, "teamId": 5, "previousBatonId": null, "newBatonId": 23, "timestamp": 1651012293653}, {"id": 6, "teamId": 6, "previousBatonId": null, "newBatonId": 23, "timestamp": 1651012301721}, {"id": 7, "teamId": 7, "previousBatonId": null, "newBatonId": 23, "timestamp": 1651012309142}, {"id": 8, "teamId": 8, "previousBatonId": null, "newBatonId": 23, "timestamp": 1651012316863}, {"id": 9, "teamId": 9, "previousBatonId": null, "newBatonId": 23, "timestamp": 1651012337879}, {"id": 10, "teamId": 10, "previousBatonId": null, "newBatonId": 23, "timestamp": 1651012344296}, {"id": 11, "teamId": 11, "previousBatonId": null, "newBatonId": 23, "timestamp": 1651012356581}, {"id": 12, "teamId": 12, "previousBatonId": null, "newBatonId": 23, "timestamp": 1651012364173}, {"id": 13, "teamId": 13, "previousBatonId": null, "newBatonId": 23, "timestamp": 1651012374848}, {"id": 14, "teamId": 14, "previousBatonId": null, "newBatonId": 23, "timestamp": 1651012382559}, {"id": 16, "teamId": 16, "previousBatonId": null, "newBatonId": 23, "timestamp": 1651012441337}, {"id": 17, "teamId": 17, "previousBatonId": null, "newBatonId": 23, "timestamp": 1651012449432}, {"id": 22, "teamId": 22, "previousBatonId": null, "newBatonId": 23, "timestamp": 1651012496762}, {"id": 23, "teamId": 1, "previousBatonId": null, "newBatonId": 18, "timestamp": 1651042800000}, {"id": 24, "teamId": 2, "previousBatonId": null, "newBatonId": 5, "timestamp": 1651042800000}, {"id": 25, "teamId": 3, "previousBatonId": null, "newBatonId": 12, "timestamp": 1651042800000}, {"id": 26, "teamId": 4, "previousBatonId": null, "newBatonId": 6, "timestamp": 1651042800000}, {"id": 27, "teamId": 5, "previousBatonId": null, "newBatonId": 9, "timestamp": 1651042800000}, {"id": 28, "teamId": 6, "previousBatonId": null, "newBatonId": 20, "timestamp": 1651042800000}, {"id": 29, "teamId": 7, "previousBatonId": null, "newBatonId": 14, "timestamp": 1651042800000}, {"id": 30, "teamId": 8, "previousBatonId": null, "newBatonId": 10, "timestamp": 1651042800000}, {"id": 31, "teamId": 9, "previousBatonId": null, "newBatonId": 21, "timestamp": 1651042800000}, {"id": 32, "teamId": 10, "previousBatonId": null, "newBatonId": 19, "timestamp": 1651042800000}, {"id": 33, "teamId": 11, "previousBatonId": null, "newBatonId": 7, "timestamp": 1651042800000}, {"id": 34, "teamId": 12, "previousBatonId": null, "newBatonId": 13, "timestamp": 1651042800000}, {"id": 35, "teamId": 13, "previousBatonId": null, "newBatonId": 2, "timestamp": 1651042800000}, {"id": 36, "teamId": 14, "previousBatonId": null, "newBatonId": 4, "timestamp": 1651042800000}, {"id": 37, "teamId": 16, "previousBatonId": null, "newBatonId": 11, "timestamp": 1651042800000}, {"id": 38, "teamId": 17, "previousBatonId": null, "newBatonId": 16, "timestamp": 1651042800000}, {"id": 39, "teamId": 22, "previousBatonId": null, "newBatonId": 22, "timestamp": 1651042800000}, {"id": 40, "teamId": 1, "previousBatonId": 23, "newBatonId": 18, "timestamp": 1651043468481}, {"id": 41, "teamId": 2, "previousBatonId": 23, "newBatonId": 5, "timestamp": 1651043485569}, {"id": 42, "teamId": 3, "previousBatonId": 23, "newBatonId": 12, "timestamp": 1651043499844}, {"id": 43, "teamId": 4, "previousBatonId": 23, "newBatonId": 6, "timestamp": 1651043506067}, {"id": 44, "teamId": 5, "previousBatonId": 23, "newBatonId": 9, "timestamp": 1651043511927}, {"id": 45, "teamId": 6, "previousBatonId": 23, "newBatonId": 20, "timestamp": 1651043518595}, {"id": 46, "teamId": 7, "previousBatonId": 23, "newBatonId": 14, "timestamp": 1651043524521}, {"id": 47, "teamId": 8, "previousBatonId": 23, "newBatonId": 10, "timestamp": 1651043539654}, {"id": 48, "teamId": 9, "previousBatonId": 23, "newBatonId": 21, "timestamp": 1651043547983}, {"id": 49, "teamId": 10, "previousBatonId": 23, "newBatonId": 19, "timestamp": 1651043555987}, {"id": 50, "teamId": 11, "previousBatonId": 23, "newBatonId": 7, "timestamp": 1651043562353}, {"id": 51, "teamId": 12, "previousBatonId": 23, "newBatonId": 13, "timestamp": 1651043569732}, {"id": 52, "teamId": 13, "previousBatonId": 23, "newBatonId": 2, "timestamp": 1651043578533}, {"id": 53, "teamId": 14, "previousBatonId": 23, "newBatonId": 4, "timestamp": 1651043588261}, {"id": 54, "teamId": 16, "previousBatonId": 23, "newBatonId": 11, "timestamp": 1651043595394}, {"id": 55, "teamId": 17, "previousBatonId": 23, "newBatonId": 16, "timestamp": 1651043600878}, {"id": 56, "teamId": 22, "previousBatonId": 23, "newBatonId": 22, "timestamp": 1651043605942}, {"id": 57, "teamId": 7, "previousBatonId": 14, "newBatonId": 3, "timestamp": 1651047740060}, {"id": 58, "teamId": 22, "previousBatonId": 22, "newBatonId": 8, "timestamp": 1651050677051}, {"id": 59, "teamId": 6, "previousBatonId": 20, "newBatonId": 17, "timestamp": 1651078653154}, {"id": 60, "teamId": 2, "previousBatonId": 5, "newBatonId": 15, "timestamp": 1651081605298}, {"id": 78, "teamId": 16, "previousBatonId": 11, "newBatonId": 22, "timestamp": 1651085547107}, {"id": 62, "teamId": 3, "previousBatonId": 12, "newBatonId": 23, "timestamp": 1651085999999}, {"id": 63, "teamId": 4, "previousBatonId": 6, "newBatonId": 23, "timestamp": 1651085999999}, {"id": 64, "teamId": 5, "previousBatonId": 9, "newBatonId": 23, "timestamp": 1651085999999}, {"id": 65, "teamId": 8, "previousBatonId": 10, "newBatonId": 23, "timestamp": 1651085999999}, {"id": 66, "teamId": 9, "previousBatonId": 21, "newBatonId": 23, "timestamp": 1651085999999}, {"id": 67, "teamId": 10, "previousBatonId": 19, "newBatonId": 23, "timestamp": 1651085999999}, {"id": 68, "teamId": 11, "previousBatonId": 7, "newBatonId": 23, "timestamp": 1651085999999}, {"id": 69, "teamId": 12, "previousBatonId": 13, "newBatonId": 23, "timestamp": 1651085999999}, {"id": 70, "teamId": 13, "previousBatonId": 2, "newBatonId": 23, "timestamp": 1651085999999}, {"id": 71, "teamId": 14, "previousBatonId": 4, "newBatonId": 23, "timestamp": 1651085999999}, {"id": 72, "teamId": 16, "previousBatonId": 11, "newBatonId": 23, "timestamp": 1651085999999}, {"id": 73, "teamId": 17, "previousBatonId": 16, "newBatonId": 23, "timestamp": 1651085999999}, {"id": 74, "teamId": 7, "previousBatonId": 3, "newBatonId": 23, "timestamp": 1651085999999}, {"id": 75, "teamId": 22, "previousBatonId": 8, "newBatonId": 23, "timestamp": 1651085999999}, {"id": 76, "teamId": 6, "previousBatonId": 17, "newBatonId": 23, "timestamp": 1651085999999}, {"id": 77, "teamId": 2, "previousBatonId": 15, "newBatonId": 23, "timestamp": 1651085999999}, {"id": 61, "teamId": 1, "previousBatonId": 18, "newBatonId": 23, "timestamp": 1651085999999}]