[{"id": 1, "name": "HILOK", "batonId": 18}, {"id": 3, "name": "VLK", "batonId": 12}, {"id": 4, "name": "Wetenschappen", "batonId": 6}, {"id": 5, "name": "VRG", "batonId": 9}, {"id": 8, "name": "HERMES - GFK", "batonId": 10}, {"id": 9, "name": "Lila - VDK", "batonId": 21}, {"id": 10, "name": "VPPK", "batonId": 19}, {"id": 11, "name": "VEK - ML", "batonId": 7}, {"id": 12, "name": "HK", "batonId": 13}, {"id": 13, "name": "Lombrosiana - VBK", "batonId": 2}, {"id": 14, "name": "Blandinia", "batonId": 4}, {"id": 17, "name": "Antilopen", "batonId": 16}, {"id": 7, "name": "Politeia", "batonId": 3}, {"id": 22, "name": "HILOK Ladies", "batonId": 8}, {"id": 6, "name": "VGK", "batonId": 17}, {"id": 2, "name": "VTK", "batonId": 15}, {"id": 16, "name": "SK", "batonId": 22}]